{
    "config": null,
    "memo": "",
    "result": {
    
        "hasMore": true,
        "success": true,
        "transactionListItemDTOs": [
            {
                "bizOrderId": "2024030110121420010100166317473166423",
                "bizOrderType": "TRANSFER",
                "bizServiceName": {
                    "EN": "RECEIVE MONEY",
                    "ID": "TERIMA UANG"
                },
                "cancellable": false,
                "cancelledOrder": false,
                "extendInfo": {
                    "bizType": "",
                    "withdrawExpireTime": 0,
                    "comment": "sadasd"
                },
                "failedOrder": false,
                "inOut": "IN",
                "kybMerchant": false,
                "kyc": {
                    "govFlag": false,
                    "level": "KYC0",
                    "userQuits": false
                },
                "merchantTransId": "a2bae8b8-14d5-4c9c-b096-131980cd2010",
                "offusMerchant": false,
                "onlineProduct": false,
                "orderCreatedTime": "2024-03-01T15:10:24+07:00",
                "orderExpireTime": "2024-03-01T15:13:27+07:00",
                "orderStatus": "SUCCESS",
                "orderTitle": "Terima Uang",
                "payMoneyAmount": {
                    "amount": "1.000",
                    "currency": "Rp"
                },
                "paymentStage": "",
                "subBizOrderType": "TRANSFER_P2P",
                "subOrderStatus": "SUCCESS",
                "totalAmount": {
                    "amount": "1.000",
                    "currency": "Rp"
                }
            },
         
            {
                "bizOrderId": "20231122111212800110166373289385232",
                "bizOrderType": "ACQUIRING",
                "bizScenario": "ACQUIRING",
                "bizServiceName": {
                    "EN": "MERCHANTS",
                    "ID": "MERCHANTS"
                },
                "cancellable": false,
                "cancelledOrder": false,
                "divisionId": "lita",
                "extendInfo": {
                    "productCode": "51051000100000000001",
                    "withdrawExpireTime": 0
                },
                "failedOrder": false,
                "goods": [],
                "inOut": "OUT",
                "kybMerchant": false,
                "mcc": "90006",
                "merchantId": "216620000035833566172",
                "merchantLogo": "https://a.m.dana.id/resource/imgs/merchant/xendit_logo2.png",
                "merchantLogoMap": {
                    "PC_LOGO": "https://a.m.dana.id/resource/imgs/merchant/xendit_logo2.png",
                    "LOGO": "https://a.m.dana.id/resource/imgs/merchant/xendit_logo2.png",
                    "MOBILE_LOGO": "https://a.m.dana.id/resource/imgs/merchant/xendit_logo2.png",
                    "BACKGROUND": "#"
                },
                "merchantName": "Lita",
                "merchantTransId": "cles71s1h5f4al55uf30",
                "offusMerchant": false,
                "onlineProduct": true,
                "orderCreatedTime": "2023-11-22T16:01:59+07:00",
                "orderExpireTime": "2023-11-22T16:31:59+07:00",
                "orderStatus": "CLOSE",
                "orderTitle": "lita",
                "payMoneyAmount": {
                    "amount": "13.200",
                    "currency": "Rp"
                },
                "paymentStage": "COMPLETED",
                "reason": "order pay timeout",
                "subOrderStatus": "CLOSE",
                "totalAmount": {
                    "amount": "13.200",
                    "currency": "Rp"
                }
            }
           
        ]
    },
    "resultStatus": 1000
}